{"name":"f973349c-ec68-41c1-b3ad-f94b1a1c16ba","id":"/providers/Microsoft.Flow/flows/f973349c-ec68-41c1-b3ad-f94b1a1c16ba","type":"Microsoft.Flow/flows","properties":{"apiId":"/providers/Microsoft.PowerApps/apis/shared_logicflows","displayName":"Teams notification handler","definition":{"metadata":{"workflowEntityId":null,"flowclientsuspensionreason":"None","flowclientsuspensiontime":null,"creator":{"id":"929ce39b-16a7-47a5-b8bf-dc2b7bfdd0b1","type":"User","tenantId":"fdc90c70-0811-412c-8551-e5706c9b92da"},"provisioningMethod":"FromDefinition","failureAlertSubscription":true,"clientLastModifiedTime":"2021-02-07T16:52:32.3887363Z"},"$schema":"https://schema.management.azure.com/providers/Microsoft.Logic/schemas/2016-06-01/workflowdefinition.json#","contentVersion":"1.0.0.0","parameters":{"$connections":{"defaultValue":{},"type":"Object"},"$authentication":{"defaultValue":{},"type":"SecureObject"}},"triggers":{"manual":{"splitOn":"@triggerBody()['rows']","type":"Request","kind":"ApiConnection","inputs":{"schema":{"type":"object","properties":{"rows":{"type":"array","items":{"type":"object","properties":{"entity":{"type":"object","properties":{"ID":{"title":"ID","type":"integer","format":"int64"},"fileName":{"title":"fileName","type":"string"}},"required":["ID","fileName"]},"email":{"title":"Lead","type":"string","format":"email","x-ms-dynamically-added":true,"description":"Please enter an e-mail address","x-ms-content-hint":"EMAIL"},"file":{"title":"Attachment","type":"object","x-ms-dynamically-added":true,"description":"Please select file or image","x-ms-content-hint":"FILE","properties":{"name":{"type":"string"},"contentBytes":{"type":"string","format":"byte"}}}},"required":["entity","email"]}}},"required":["rows"]},"host":{"connection":{"name":"@parameters('$connections')['shared_sharepointonline']['connectionId']"},"api":{"runtimeUrl":"https://europe-002.azure-apim.net/apim/sharepointonline"}},"operationId":"GetItemHybridTriggerSchema","parameters":{"dataset":"Dummy data","table":"Test data"}}}},"actions":{"Site":{"runAfter":{},"type":"InitializeVariable","inputs":{"variables":[{"name":"SharePoint Site","type":"string"}]}},"List":{"runAfter":{"Site":["Succeeded"]},"type":"InitializeVariable","inputs":{"variables":[{"name":"SharePoint List","type":"string"}]}},"Detect_Link_type":{"actions":{"Check_Link_type":{"actions":{"Set_Non-Layout_Site":{"runAfter":{},"type":"SetVariable","inputs":{"name":"SharePoint Site","value":"@{first(split(triggerBody()?['entity']?['itemUrl'], concat('/', last(split(first(split(triggerBody()?['entity']?['itemUrl'], '/Forms')), '/')))))}"}},"Get_List_GUID_ID":{"runAfter":{"Set_Non-Layout_List":["Succeeded"]},"type":"OpenApiConnection","inputs":{"host":{"apiId":"/providers/Microsoft.PowerApps/apis/shared_sharepointonline","connectionName":"shared_sharepointonline","operationId":"HttpRequest"},"parameters":{"dataset":"@variables('SharePoint Site')","parameters/method":"GET","parameters/uri":"_api/web/lists/GetByTitle('@{variables('SharePoint List')}')"},"authentication":"@parameters('$authentication')"}},"Set_Non-Layout_List":{"runAfter":{"Set_Non-Layout_Site":["Succeeded"]},"type":"SetVariable","inputs":{"name":"SharePoint List","value":"@{concat(decodeUriComponent(last(split(first(split(triggerBody()?['entity']?['itemUrl'], '/Forms')), '/'))))}"}},"Set_Non-Layout_List_(GUID)":{"runAfter":{"Get_List_GUID_ID":["Succeeded"]},"type":"SetVariable","inputs":{"name":"SharePoint List","value":"@{outputs('Get_List_GUID_ID')?['body']?['d']?['Id']}"}}},"runAfter":{},"else":{"actions":{"Set__layout_Site":{"runAfter":{},"type":"SetVariable","inputs":{"name":"SharePoint Site","value":"@{first(split(triggerBody()?['entity']?['itemUrl'], '/_layouts'))}"}},"Set__layout_List":{"runAfter":{"Set__layout_Site":["Succeeded"]},"type":"SetVariable","inputs":{"name":"SharePoint List","value":"@{replace(replace(decodeUriComponent(first(split(last(split(triggerBody()?['entity']?['itemUrl'], 'ListId=')), '&'))), '{', ''), '}', '')}"}}}},"expression":{"less":["@indexOf(triggerBody()?['entity']?['itemUrl'], '_layouts')",0]},"type":"If"}},"runAfter":{"List":["Succeeded"]},"type":"Scope"},"Main":{"actions":{"Post_adaptive_card_in_a_chat_or_channel":{"runAfter":{"Create_sharing_link_for_a_file_or_folder":["Succeeded"]},"metadata":{"flowSystemMetadata":{"swaggerOperationId":"PostCardToConversation"}},"type":"ApiConnection","inputs":{"host":{"connection":{"name":"@json(decodeBase64(triggerOutputs().headers['X-MS-APIM-Tokens']))['$connections']['shared_teams']['connectionId']"},"api":{"runtimeUrl":"https://europe-002.azure-apim.net/apim/teams"}},"method":"post","body":{"recipient":{"groupId":"a01cb724-6a83-49a6-a61d-a2c6a5692cfd","channelId":"19:3f73f71608e84774891fcb49d678d9e3@thread.tacv2"},"messageBody":"{\n  \"type\": \"AdaptiveCard\",\n  \"body\": [\n    {\n      \"type\": \"TextBlock\",\n      \"size\": \"Medium\",\n      \"weight\": \"Bolder\",\n      \"text\": \"New Proposal\"\n    },\n    {\n      \"type\": \"TextBlock\",\n      \"weight\": \"Bolder\",\n      \"text\": \"@{triggerBody()?['entity']?['fileName']}\",\n      \"wrap\": true\n    },\n    {\n      \"type\": \"TextBlock\",\n      \"text\": \"Please review the received Proposal using the provided link\",\n      \"wrap\": true\n    }\n  ],\n  \"actions\": [\n    {\n      \"type\": \"Action.OpenUrl\",\n      \"title\": \"Open Proposal\",\n      \"url\": \"@{body('Create_sharing_link_for_a_file_or_folder')?['link']?['webUrl']}\"\n    }\n  ],\n  \"$schema\": \"http://adaptivecards.io/schemas/adaptive-card.json\",\n  \"version\": \"1.2\"\n}\n"},"path":"/v1.0/teams/conversation/adaptivecard/poster/@{encodeURIComponent('Flow bot')}/location/@{encodeURIComponent('Channel')}","authentication":{"type":"Raw","value":"@json(decodeBase64(triggerOutputs().headers['X-MS-APIM-Tokens']))['$ConnectionKey']"}}},"Get_file_properties":{"runAfter":{},"metadata":{"flowSystemMetadata":{"swaggerOperationId":"GetFileItem"}},"type":"ApiConnection","inputs":{"host":{"connection":{"name":"@json(decodeBase64(triggerOutputs().headers['X-MS-APIM-Tokens']))['$connections']['shared_sharepointonline']['connectionId']"},"api":{"runtimeUrl":"https://europe-002.azure-apim.net/apim/sharepointonline"}},"method":"get","path":"/datasets/@{encodeURIComponent(encodeURIComponent(variables('SharePoint Site')))}/tables/@{encodeURIComponent(encodeURIComponent(variables('SharePoint List')))}/items/@{encodeURIComponent(triggerBody()?['entity']?['ID'])}/getfileitem","authentication":{"type":"Raw","value":"@json(decodeBase64(triggerOutputs().headers['X-MS-APIM-Tokens']))['$ConnectionKey']"}}},"Create_sharing_link_for_a_file_or_folder":{"runAfter":{"Get_file_properties":["Succeeded"]},"metadata":{"flowSystemMetadata":{"swaggerOperationId":"CreateSharingLink"}},"type":"ApiConnection","inputs":{"host":{"connection":{"name":"@json(decodeBase64(triggerOutputs().headers['X-MS-APIM-Tokens']))['$connections']['shared_sharepointonline']['connectionId']"},"api":{"runtimeUrl":"https://europe-002.azure-apim.net/apim/sharepointonline"}},"method":"post","body":{"type":"view","scope":"organization"},"path":"/datasets/@{encodeURIComponent(encodeURIComponent(variables('SharePoint Site')))}/codeless/_api/v2.0/sites/root/lists/@{encodeURIComponent(encodeURIComponent(variables('SharePoint List')))}/items/@{encodeURIComponent(encodeURIComponent(triggerBody()?['entity']?['ID']))}/driveItem/createLink","authentication":{"type":"Raw","value":"@json(decodeBase64(triggerOutputs().headers['X-MS-APIM-Tokens']))['$ConnectionKey']"}}}},"runAfter":{"Detect_Link_type":["Succeeded"]},"type":"Scope"},"Error_management":{"actions":{"Terminate":{"runAfter":{},"type":"Terminate","inputs":{"runStatus":"Failed","runError":{"code":"L0001","message":"Link type detection issue"}}}},"runAfter":{"Detect_Link_type":["Failed"]},"type":"Scope"}}},"connectionReferences":{"shared_sharepointonline":{"connectionName":"443ff876b5b3487e893d853c723c2ace","source":"Embedded","id":"/providers/Microsoft.PowerApps/apis/shared_sharepointonline","tier":"NotSpecified"},"shared_teams":{"connectionName":"shared-teams-d5ce13b2-3fe1-4036-9fe7-16bfbb78d351","source":"Invoker","id":"/providers/Microsoft.PowerApps/apis/shared_teams","tier":"NotSpecified"}},"flowFailureAlertSubscribed":false}}