{
  "properties": {
    "connectionReferences": {
      "shared_sql": {
        "runtimeSource": "invoker",
        "connection": {
          "connectionReferenceLogicalName": "pwn_sharedsql_917f7"
        },
        "api": {
          "name": "shared_sql"
        }
      }
    },
    "definition": {
      "$schema": "https://schema.management.azure.com/providers/Microsoft.Logic/schemas/2016-06-01/workflowdefinition.json#",
      "contentVersion": "1.0.0.0",
      "parameters": {
        "$connections": {
          "defaultValue": {},
          "type": "Object"
        },
        "$authentication": {
          "defaultValue": {},
          "type": "SecureObject"
        }
      },
      "triggers": {
        "manual": {
          "metadata": {
            "operationMetadataId": "7b145187-9f3f-476a-b581-28cef12ef3f7"
          },
          "type": "Request",
          "kind": "Button",
          "inputs": {
            "schema": {
              "type": "object",
              "properties": {},
              "required": []
            }
          }
        }
      },
      "actions": {
        "Execute_a_SQL_query_(V2)": {
          "runAfter": {},
          "metadata": {
            "operationMetadataId": "663025cd-9bd6-4f12-b27a-36ae6b172882"
          },
          "type": "OpenApiConnection",
          "inputs": {
            "host": {
              "connectionName": "shared_sql",
              "operationId": "ExecutePassThroughNativeQuery_V2",
              "apiId": "/providers/Microsoft.PowerApps/apis/shared_sql"
            },
            "parameters": {
              "server": "default",
              "database": "default",
              "query/query": "SELECT Header.*, Detail.ProductID\nFROM [SalesLT].[SalesOrderHeader] AS Header\n    INNER JOIN [SalesLT].[SalesOrderDetail] AS Detail\n        ON Header.SalesOrderID = Detail.SalesOrderID\nWHERE Header.SalesOrderID = 71780\nFOR JSON AUTO"
            },
            "authentication": {
              "type": "Raw",
              "value": "@json(decodeBase64(triggerOutputs().headers['X-MS-APIM-Tokens']))['$ConnectionKey']"
            }
          }
        }
      }
    },
    "templateName": ""
  },
  "schemaVersion": "1.0.0.0"
}