{
  "properties": {
    "connectionReferences": {
      "shared_sharepointonline": {
        "runtimeSource": "invoker",
        "connection": {
          "connectionReferenceLogicalName": "pwn_sharedsharepointonline_623cb"
        },
        "api": {
          "name": "shared_sharepointonline"
        }
      }
    },
    "definition": {
      "$schema": "https://schema.management.azure.com/providers/Microsoft.Logic/schemas/2016-06-01/workflowdefinition.json#",
      "contentVersion": "1.0.0.0",
      "parameters": {
        "$authentication": {
          "defaultValue": {},
          "type": "SecureObject"
        },
        "$connections": {
          "defaultValue": {},
          "type": "Object"
        }
      },
      "triggers": {
        "manual": {
          "metadata": {
            "operationMetadataId": "2a7cfa4d-5355-46ca-afd1-00f7f0ac4a82"
          },
          "type": "Request",
          "kind": "Button",
          "inputs": {
            "schema": {
              "type": "object",
              "properties": {},
              "required": []
            }
          }
        }
      },
      "actions": {
        "Get_REST_data": {
          "runAfter": {},
          "metadata": {
            "operationMetadataId": "a030f117-ae62-46f2-8055-cb5e1560ae23"
          },
          "type": "OpenApiConnection",
          "inputs": {
            "parameters": {
              "dataset": "https://powernimbus.sharepoint.com",
              "parameters/method": "GET",
              "parameters/uri": "_api/web/lists/getbytitle('Speed Test')/items?$select=Title&$top=1000",
              "parameters/headers": {
                "Accept": "application/json; odata=nometadata"
              }
            },
            "host": {
              "apiId": "/providers/Microsoft.PowerApps/apis/shared_sharepointonline",
              "operationId": "HttpRequest",
              "connectionName": "shared_sharepointonline"
            }
          }
        },
        "Result": {
          "runAfter": {
            "Do_until": [
              "Succeeded"
            ]
          },
          "metadata": {
            "operationMetadataId": "bf4c055a-2650-4dd3-a32d-c504ff3a7efd"
          },
          "type": "Compose",
          "inputs": "@variables('List data')"
        },
        "List_data": {
          "runAfter": {
            "Get_REST_data": [
              "Succeeded"
            ]
          },
          "metadata": {
            "operationMetadataId": "c54145d6-ea19-4d2b-b4e6-e5680b10a20b"
          },
          "type": "InitializeVariable",
          "inputs": {
            "variables": [
              {
                "name": "List data",
                "type": "array",
                "value": "@body('Get_REST_data')?['value']"
              }
            ]
          }
        },
        "Do_until": {
          "actions": {
            "Get_REST_data_from_page": {
              "metadata": {
                "operationMetadataId": "f7ed41bf-b2e0-42db-b659-0636f1633c79"
              },
              "type": "OpenApiConnection",
              "inputs": {
                "parameters": {
                  "dataset": "https://powernimbus.sharepoint.com",
                  "parameters/method": "GET",
                  "parameters/uri": "@variables('Pagination link')",
                  "parameters/headers": {
                    "Accept": "application/json; odata=nometadata"
                  }
                },
                "host": {
                  "apiId": "/providers/Microsoft.PowerApps/apis/shared_sharepointonline",
                  "operationId": "HttpRequest",
                  "connectionName": "shared_sharepointonline"
                }
              }
            },
            "Join_data": {
              "runAfter": {
                "Set_Pagination_link": [
                  "Succeeded"
                ]
              },
              "metadata": {
                "operationMetadataId": "2bbe5a50-588b-454b-acb7-65ad8a5c9610"
              },
              "type": "Compose",
              "inputs": "@union(variables('List data'), body('Get_REST_data_from_page')?['value'])"
            },
            "Set_List_data": {
              "runAfter": {
                "Join_data": [
                  "Succeeded"
                ]
              },
              "metadata": {
                "operationMetadataId": "c866864c-3904-4fe9-91af-25505eaa908f"
              },
              "type": "SetVariable",
              "inputs": {
                "name": "List data",
                "value": "@outputs('Join_data')"
              }
            },
            "Set_Pagination_link": {
              "runAfter": {
                "Get_REST_data_from_page": [
                  "Succeeded"
                ]
              },
              "metadata": {
                "operationMetadataId": "de5a5437-1749-4580-a7cd-6e3bc9fc668d"
              },
              "type": "SetVariable",
              "inputs": {
                "name": "Pagination link",
                "value": "@{if(\r\nequals(body('Get_REST_data_from_page')?['odata.nextLink'], null), \r\nnull,\r\nconcat('/_api', last(split(body('Get_REST_data_from_page')?['odata.nextLink'], '/_api')))\r\n)}"
              }
            }
          },
          "runAfter": {
            "Pagination_link": [
              "Succeeded"
            ]
          },
          "expression": "@equals(length(variables('Pagination link')), 0)",
          "limit": {
            "count": 60,
            "timeout": "PT1H"
          },
          "metadata": {
            "operationMetadataId": "02f871da-4b14-4f6a-8b64-4d13ca462cf1"
          },
          "type": "Until"
        },
        "Pagination_link": {
          "runAfter": {
            "List_data": [
              "Succeeded"
            ]
          },
          "metadata": {
            "operationMetadataId": "4b531680-6a34-46a9-af2b-e4690bf4e6ae"
          },
          "type": "InitializeVariable",
          "inputs": {
            "variables": [
              {
                "name": "Pagination link",
                "type": "string",
                "value": "@{replace(concat('/_api', last(split(body('Get_REST_data')?['odata.nextLink'], '/_api'))), '&%24top=1000', '')}"
              }
            ]
          }
        }
      }
    },
    "templateName": null
  },
  "schemaVersion": "1.0.0.0"
}