{
  "properties": {
    "connectionReferences": {
      "shared_sharepointonline": {
        "runtimeSource": "invoker",
        "connection": {
          "connectionReferenceLogicalName": "pwn_sharedsharepointonline_623cb"
        },
        "api": {
          "name": "shared_sharepointonline"
        }
      }
    },
    "definition": {
      "$schema": "https://schema.management.azure.com/providers/Microsoft.Logic/schemas/2016-06-01/workflowdefinition.json#",
      "contentVersion": "1.0.0.0",
      "parameters": {
        "$connections": {
          "defaultValue": {},
          "type": "Object"
        },
        "$authentication": {
          "defaultValue": {},
          "type": "SecureObject"
        }
      },
      "triggers": {
        "manual": {
          "splitOn": "@triggerBody()['rows']",
          "metadata": {
            "operationMetadataId": "98085073-7521-46d4-a9d4-f2397018972d"
          },
          "type": "Request",
          "kind": "ApiConnection",
          "inputs": {
            "schema": {
              "type": "object",
              "properties": {
                "rows": {
                  "type": "array",
                  "items": {
                    "type": "object",
                    "properties": {
                      "entity": {
                        "type": "object",
                        "properties": {
                          "ID": {
                            "title": "ID",
                            "type": "integer",
                            "format": "int64"
                          }
                        },
                        "required": [
                          "ID"
                        ]
                      }
                    },
                    "required": [
                      "entity"
                    ]
                  }
                }
              },
              "required": [
                "rows"
              ]
            },
            "host": {
              "connection": {
                "name": "@parameters('$connections')['shared_sharepointonline']['connectionId']"
              }
            },
            "operationId": "ForASelectedFileHybridTrigger",
            "parameters": {
              "dataset": "https://localhost",
              "table": "Dummy"
            }
          }
        }
      },
      "actions": {
        "Site": {
          "runAfter": {},
          "metadata": {
            "operationMetadataId": "bf1b98e0-7b4a-4784-a052-fc27a1f2bfae"
          },
          "type": "InitializeVariable",
          "inputs": {
            "variables": [
              {
                "name": "SharePoint Site",
                "type": "string"
              }
            ]
          }
        },
        "List": {
          "runAfter": {
            "Site": [
              "Succeeded"
            ]
          },
          "metadata": {
            "operationMetadataId": "664b2e83-b3dc-4c54-b52e-7344f684fefd"
          },
          "type": "InitializeVariable",
          "inputs": {
            "variables": [
              {
                "name": "SharePoint List",
                "type": "string"
              }
            ]
          }
        },
        "Main_process": {
          "actions": {
            "Detect_Link_type": {
              "actions": {
                "Check_Link_type": {
                  "actions": {
                    "Set_Non-Layout_Site": {
                      "runAfter": {},
                      "metadata": {
                        "operationMetadataId": "e26b2ab7-862d-4e95-8592-0211dc5d484a"
                      },
                      "type": "SetVariable",
                      "inputs": {
                        "name": "SharePoint Site",
                        "value": "@{first(split(triggerBody()?['entity']?['itemUrl'], concat('/', last(split(first(split(triggerBody()?['entity']?['itemUrl'], '/Forms')), '/')))))}"
                      }
                    },
                    "Set_Non-Layout_List": {
                      "runAfter": {
                        "Set_Non-Layout_Site": [
                          "Succeeded"
                        ]
                      },
                      "metadata": {
                        "operationMetadataId": "5ad91924-8c78-41a0-bb19-ed7e8bd559ca"
                      },
                      "type": "SetVariable",
                      "inputs": {
                        "name": "SharePoint List",
                        "value": "@{concat(decodeUriComponent(last(split(first(split(triggerBody()?['entity']?['itemUrl'], '/Forms')), '/'))))}"
                      }
                    }
                  },
                  "runAfter": {},
                  "else": {
                    "actions": {
                      "Set__layout_Site": {
                        "runAfter": {},
                        "metadata": {
                          "operationMetadataId": "abcee996-f0e9-4612-8960-c6c2cee795f1"
                        },
                        "type": "SetVariable",
                        "inputs": {
                          "name": "SharePoint Site",
                          "value": "@{first(split(triggerBody()?['entity']?['itemUrl'], '/_layouts'))}"
                        }
                      },
                      "Set__layout_List": {
                        "runAfter": {
                          "Set__layout_Site": [
                            "Succeeded"
                          ]
                        },
                        "metadata": {
                          "operationMetadataId": "5425e99f-a80a-4d61-a007-56824b64eb3e"
                        },
                        "type": "SetVariable",
                        "inputs": {
                          "name": "SharePoint List",
                          "value": "@{replace(replace(decodeUriComponent(first(split(last(split(triggerBody()?['entity']?['itemUrl'], 'ListId=')), '&'))), '{', ''), '}', '')}"
                        }
                      }
                    }
                  },
                  "expression": {
                    "less": [
                      "@indexOf(triggerBody()?['entity']?['itemUrl'], '_layouts')",
                      0
                    ]
                  },
                  "metadata": {
                    "operationMetadataId": "4e7ba89b-6046-4e15-a2fd-f6524f67004a"
                  },
                  "type": "If"
                }
              },
              "runAfter": {},
              "metadata": {
                "operationMetadataId": "56612799-58dc-4ba9-98bb-ac532c9f288f"
              },
              "type": "Scope"
            },
            "Is_America's_site": {
              "actions": {
                "Update_America's_file_properties": {
                  "runAfter": {},
                  "metadata": {
                    "operationMetadataId": "53345fde-b393-4537-8b2e-bce9bcba4daf"
                  },
                  "type": "OpenApiConnection",
                  "inputs": {
                    "host": {
                      "connectionName": "shared_sharepointonline",
                      "operationId": "PatchFileItem",
                      "apiId": "/providers/Microsoft.PowerApps/apis/shared_sharepointonline"
                    },
                    "parameters": {
                      "dataset": "@variables('SharePoint Site')",
                      "table": "@variables('SharePoint List')",
                      "id": "@triggerBody()?['entity']?['ID']",
                      "item": {
                        "Customer": "Test",
                        "Currency": "USD"
                      }
                    },
                    "authentication": {
                      "type": "Raw",
                      "value": "@json(decodeBase64(triggerOutputs().headers['X-MS-APIM-Tokens']))['$ConnectionKey']"
                    }
                  }
                }
              },
              "runAfter": {
                "Detect_Link_type": [
                  "Succeeded"
                ]
              },
              "else": {
                "actions": {
                  "Update_file_properties": {
                    "runAfter": {},
                    "metadata": {
                      "operationMetadataId": "53345fde-b393-4537-8b2e-bce9bcba4daf"
                    },
                    "type": "OpenApiConnection",
                    "inputs": {
                      "host": {
                        "connectionName": "shared_sharepointonline",
                        "operationId": "PatchFileItem",
                        "apiId": "/providers/Microsoft.PowerApps/apis/shared_sharepointonline"
                      },
                      "parameters": {
                        "dataset": "@variables('SharePoint Site')",
                        "table": "@variables('SharePoint List')",
                        "id": "@triggerBody()?['entity']?['ID']",
                        "item": {
                          "Customer": "Test"
                        }
                      },
                      "authentication": {
                        "type": "Raw",
                        "value": "@json(decodeBase64(triggerOutputs().headers['X-MS-APIM-Tokens']))['$ConnectionKey']"
                      }
                    }
                  }
                }
              },
              "expression": {
                "equals": [
                  "@contains(variables('SharePoint Site'), 'America')",
                  "@true"
                ]
              },
              "metadata": {
                "operationMetadataId": "37c98ba6-6394-433f-8efa-67c7d0b0a1c6"
              },
              "type": "If"
            }
          },
          "runAfter": {
            "List": [
              "Succeeded"
            ]
          },
          "metadata": {
            "operationMetadataId": "43d6c71f-7618-4005-bc40-ce8d6f13582b"
          },
          "type": "Scope"
        },
        "Error_handler": {
          "actions": {
            "Run_a_Child_Flow": {
              "runAfter": {},
              "metadata": {
                "operationMetadataId": "6241cb03-df26-489f-a58e-75972132720b"
              },
              "type": "Workflow",
              "inputs": {
                "host": {
                  "workflowReferenceName": "d8af1ddf-bbf1-ed11-8848-00224883f53f"
                },
                "body": {
                  "text": "@workflow().tags.flowDisplayName",
                  "text_1": "Error"
                }
              }
            }
          },
          "runAfter": {
            "Main_process": [
              "Failed"
            ]
          },
          "metadata": {
            "operationMetadataId": "f82fd0fa-4dc2-4461-b5c6-86edaf93e1da"
          },
          "type": "Scope"
        }
      }
    },
    "templateName": ""
  },
  "schemaVersion": "1.0.0.0"
}