{"name":"ee5c1d53-9bbc-4990-a86d-9c1968beecac","id":"/providers/Microsoft.Flow/flows/ee5c1d53-9bbc-4990-a86d-9c1968beecac","type":"Microsoft.Flow/flows","properties":{"apiId":"/providers/Microsoft.PowerApps/apis/shared_logicflows","displayName":"Complete Brochures","definition":{"metadata":{"workflowEntityId":null,"flowclientsuspensionreason":"None","flowclientsuspensiontime":null,"creator":{"id":"929ce39b-16a7-47a5-b8bf-dc2b7bfdd0b1","type":"User","tenantId":"fdc90c70-0811-412c-8551-e5706c9b92da"},"provisioningMethod":"FromDefinition","failureAlertSubscription":true,"clientLastModifiedTime":"2020-09-07T21:05:18.8048173Z"},"$schema":"https://schema.management.azure.com/providers/Microsoft.Logic/schemas/2016-06-01/workflowdefinition.json#","contentVersion":"1.0.0.0","parameters":{"$connections":{"defaultValue":{},"type":"Object"},"$authentication":{"defaultValue":{},"type":"SecureObject"}},"staticResults":{"Get_file_properties0":{"status":"Succeeded","outputs":{"statusCode":"OK","headers":{}}}},"triggers":{"manual":{"splitOn":"@triggerBody()['rows']","type":"Request","kind":"ApiConnection","inputs":{"schema":{"type":"object","properties":{"rows":{"type":"array","items":{"type":"object","properties":{"entity":{"type":"object","properties":{"ID":{"title":"ID","type":"integer","format":"int64"}},"required":["ID"]}},"required":["entity"]}}},"required":["rows"]},"host":{"connection":{"name":"@parameters('$connections')['shared_sharepointonline']['connectionId']"},"api":{"runtimeUrl":"https://europe-002.azure-apim.net/apim/sharepointonline"}},"operationId":"ForASelectedFileHybridTrigger","parameters":{"dataset":"https://powernimbus.sharepoint.com/","table":"bcd445a7-66ed-45a4-9d74-d61e47fbcff8"}}}},"actions":{"Get_file_properties":{"runAfter":{"List":["Succeeded"]},"type":"OpenApiConnection","inputs":{"host":{"apiId":"/providers/Microsoft.PowerApps/apis/shared_sharepointonline","connectionName":"shared_sharepointonline","operationId":"GetFileItem"},"parameters":{"dataset":"@outputs('Site')","table":"@outputs('List')","id":"@triggerBody()?['entity']?['ID']"},"authentication":{"value":"@json(decodeBase64(triggerOutputs().headers['X-MS-APIM-Tokens']))['$ConnectionKey']","type":"Raw"}},"runtimeConfiguration":{"staticResult":{"staticResultOptions":"Disabled","name":"Get_file_properties0"}}},"Referer":{"runAfter":{},"type":"Compose","inputs":"@trigger()?['outputs']?['headers']?['Referer']"},"Site":{"runAfter":{"Referer":["Succeeded"]},"type":"Compose","inputs":"@decodeUriComponent(first(split(last(split(outputs('Referer'), 'parameters.sharepoint.site=')),'&')))"},"List":{"runAfter":{"Site":["Succeeded"]},"type":"Compose","inputs":"@first(split(last(split(outputs('Referer'), 'parameters.sharepoint.list=')),'&'))"}}},"connectionReferences":{"shared_sharepointonline":{"connectionName":"443ff876b5b3487e893d853c723c2ace","source":"Invoker","id":"/providers/Microsoft.PowerApps/apis/shared_sharepointonline","tier":"NotSpecified"}},"flowFailureAlertSubscribed":false}}